EDOC-INBOX-2026-01001,app/static/document_uploads/inbox/EDOC-INBOX-2026-01001.pdf,EXA_TBL,First Internal Exam,On 25-02-2026,student,all,2026-02-20 09:55:52.771422
EDOC-INBOX-2026-01005,app/static/document_uploads/inbox/EDOC-INBOX-2026-01005.pdf,EXA_TBL,First Internal Exam,On 5th March 2026,all,all,2026-02-26 09:45:36.376085
EDOC-INBOX-2026-01006,app/static/document_uploads/inbox/EDOC-INBOX-2026-01006.pdf,ACA_EVE,M.Sc. Fest,"On 30th March, 2026 at 2.00 pm",all,PG_MSC_MATH,2026-02-26 10:09:03.477989
EDOC-INBOX-2026-01007,app/static/document_uploads/inbox/EDOC-INBOX-2026-01007.pdf,ACA_DOC,First Internal Exam,desc,hod,all,2026-02-26 10:19:43.626946
EDOC-INBOX-2026-01008,app/static/document_uploads/inbox/EDOC-INBOX-2026-01008.pdf,EXA_TBL,First Internal Exam,desc,all,all,2026-02-26 11:36:38.568554
EDOC-INBOX-2026-01009,app/static/document_uploads/inbox/EDOC-INBOX-2026-01009.pdf,EXA_TBL,First Internal Exam,abcd,all,PG_MSC_MATH,2026-02-26 11:40:05.832193
EDOC-INBOX-2026-01010,app/static/document_uploads/inbox/EDOC-INBOX-2026-01010.pdf,EXA_TBL,First Internal Exam,acbd,all,UG_BVOC_RSCM,2026-02-26 11:51:49.188135
EDOC-INBOX-2026-01011,app/static/document_uploads/inbox/EDOC-INBOX-2026-01011.pdf,ACA_EVE,Alumni Interaction,asdfdsf,all,PG_MSC_MATH,2026-02-26 11:52:16.834398
EDOC-INBOX-2026-01012,app/static/document_uploads/inbox/EDOC-INBOX-2026-01012.pdf,EXA_TBL,First Internal Exam,abcd,student,all,2026-02-26 11:53:22.348456
EDOC-INBOX-2026-01013,app/static/document_uploads/inbox/EDOC-INBOX-2026-01013.pdf,MEET,Annual Day meeting,abcd,faculty,all,2026-02-26 11:53:57.87329
EDOC-INBOX-2026-01014,app/static/document_uploads/inbox/EDOC-INBOX-2026-01014.pdf,MEET,Annual Day meeting,abcd,hod,all,2026-02-26 11:54:06.430938
EDOC-INBOX-2026-01015,app/static/document_uploads/inbox/EDOC-INBOX-2026-01015.pdf,MEET,Annual Day meeting,abcd,faculty,all,2026-02-26 11:54:17.799495
EDOC-INBOX-2026-01016,app/static/document_uploads/inbox/EDOC-INBOX-2026-01016.pdf,MEET,Annual Day meeting,abcd,all,all,2026-02-26 11:54:26.529954
EDOC-INBOX-2026-01017,app/static/document_uploads/inbox/EDOC-INBOX-2026-01017.pdf,OTHER,Alumni Interaction,"...
",all,UG_BBA,2026-02-27 14:35:49.334411
EDOC-INBOX-2026-01018,app/static/document_uploads/inbox/EDOC-INBOX-2026-01018.pdf,ACA_DOC,First Internal Exam,..,faculty,all,2026-02-28 09:45:57.378399
EDOC-INBOX-2026-01019,app/static/document_uploads/inbox/EDOC-INBOX-2026-01019.pdf,EXA_TBL,First Internal Exam,adsdf,all,UG_BBA,2026-02-28 09:46:29.842027
EDOC-INBOX-2026-01020,app/static/document_uploads/inbox/EDOC-INBOX-2026-01020.pdf,EXA_TBL,First Internal Exam,abcd,all,all,2026-03-03 14:56:15.993961
EDOC-INBOX-2026-01021,app/static/document_uploads/inbox/EDOC-INBOX-2026-01021.pdf,EXA_TBL,First Internal Exam,...,all,all,2026-03-03 14:56:51.452096
EDOC-INBOX-2026-01022,app/static/document_uploads/inbox/EDOC-INBOX-2026-01022.pdf,EXA_TBL,Second Internal,asdfsa,all,all,2026-03-05 11:04:55.432258
EDOC-INBOX-2026-01023,app/static/document_uploads/inbox/EDOC-INBOX-2026-01023.pdf,ACA_EVE,Sports Event – “Sports Fiesta”,on 9th march 2026,all,all,2026-03-05 11:14:25.857056
EDOC-INBOX-2026-01024,app/static/document_uploads/inbox/EDOC-INBOX-2026-01024.pdf,EXA_TBL,First Internal Exam,asd,all,all,2026-03-05 11:53:43.359091
EDOC-INBOX-2026-01025,app/static/document_uploads/inbox/EDOC-INBOX-2026-01025.pdf,ACA_EVE,Sports Event – “Sports Fiesta”,...,student,all,2026-03-05 12:47:14.972524
EDOC-INBOX-2026-01026,app/static/document_uploads/inbox/EDOC-INBOX-2026-01026.pdf,MEET,Annual Day meeting,dd,hod,all,2026-03-05 14:07:30.9052
EDOC-INBOX-2026-01027,app/static/document_uploads/inbox/EDOC-INBOX-2026-01027.pdf,NOTI,National Scholarship,...,student,all,2026-03-05 14:10:19.877312
EDOC-INBOX-2026-01028,app/static/document_uploads/inbox/EDOC-INBOX-2026-01028.pdf,ACA_DOC,abcdds,abcs,faculty,all,2026-03-05 14:14:49.296047
EDOC-INBOX-2026-01029,app/static/document_uploads/inbox/EDOC-INBOX-2026-01029.pdf,EXA_TBL,First internal,...,all,all,2026-03-05 14:23:09.399548
EDOC-INBOX-2026-01030,app/static/document_uploads/inbox/EDOC-INBOX-2026-01030.pdf,EXA_TBL,pjkj,...,all,all,2026-03-05 14:25:46.541501
EDOC-INBOX-2026-01031,app/static/document_uploads/inbox/EDOC-INBOX-2026-01031.pdf,EXA_TBL,pjkjsfs,...,all,all,2026-03-05 14:27:01.541322
EDOC-INBOX-2026-01032,app/static/document_uploads/inbox/EDOC-INBOX-2026-01032.pdf,NOTI,abcd,mgf,student,all,2026-03-05 14:27:19.397265
EDOC-INBOX-2026-01033,app/static/document_uploads/inbox/EDOC-INBOX-2026-01033.pdf,ACA_EVE,abcd,abcd,all,all,2026-03-05 15:17:26.687643
EDOC-INBOX-2026-01034,app/static/document_uploads/inbox/EDOC-INBOX-2026-01034.pdf,ACA_EVE,abcdsdsd,abcd,all,all,2026-03-05 15:17:37.22643
EDOC-INBOX-2026-01035,app/static/document_uploads/inbox/EDOC-INBOX-2026-01035.pdf,ACA_EVE,abcdsdsd,abcd,all,all,2026-03-05 15:18:04.257391
EDOC-INBOX-2026-01036,app/static/document_uploads/inbox/EDOC-INBOX-2026-01036.pdf,ACA_EVE,4423,abcd,all,all,2026-03-05 15:18:45.615214
EDOC-INBOX-2026-01037,app/static/document_uploads/inbox/EDOC-INBOX-2026-01037.pdf,EXA_TBL,First Internal Exam,..,student,all,2026-03-06 09:45:51.038937
EDOC-INBOX-2026-01038,app/static/document_uploads/inbox/EDOC-INBOX-2026-01038.pdf,ACA_EVE,Cultural Event – “Kala Utsav”,...,all,PG_MSC_MATH,2026-03-06 11:23:03.174806
EDOC-INBOX-2026-01039,app/static/document_uploads/inbox/EDOC-INBOX-2026-01039.pdf,ACA_EVE,Sports Event – “Sports Fiesta”,...,student,all,2026-03-06 11:23:31.895115
